Customer ID,Customer Name,Total_Revenue,Total_Profit,Average_discount
AA-10315,Alex Avila,"₹16,073.34",₹-362.88,0.09090909090909091
AA-10375,Allen Armold,"₹2,734.83",₹277.38,0.08000000000000002
AA-10480,Andrew Allen,"₹5,493.94",₹435.83,0.016666666666666666
AA-10645,Anna Andreadi,"₹22,927.85",₹857.80,0.06388888888888888
AB-10015,Aaron Bergman,"₹1,984.48",₹129.35,0.06666666666666667
AB-10060,Adam Bellavance,"₹35,390.58","₹2,054.59",0.044444444444444446
AB-10105,Adrian Barton,"₹143,857.71","₹5,444.81",0.24
AB-10150,Aimee Bixby,"₹3,111.24",₹313.66,0.13333333333333333
AB-10165,Alan Barnes,"₹3,625.51",₹220.81,0.13571428571428573
AB-10255,Alejandro Ballentine,"₹2,397.56",₹264.57,0.1
AB-10600,Ann Blume,"₹6,303.14",₹-274.96,0.375
AC-10420,Alyssa Crouse,"₹3,059.77",₹-62.13,0.32
AC-10450,Amy Cox,"₹19,698.85","₹1,366.01",0.18888888888888888
AC-10615,Ann Chong,"₹9,504.69",₹298.83,0.1111111111111111
AC-10660,Anna Chung,"₹1,458.15",₹-28.70,0.18333333333333335
AD-10180,Alan Dominguez,"₹24,777.96","₹1,869.93",0.05833333333333333
AF-10870,Art Ferguson,"₹7,165.96",₹317.97,0.2
AF-10885,Art Foster,"₹4,649.21",₹-163.12,0.2571428571428572
AG-10270,Alejandro Grove,"₹23,445.13",₹732.74,0.014285714285714287
AG-10300,Aleksandra Gannaway,"₹1,018.75",₹59.29,0.08
AG-10330,Alex Grayson,"₹3,681.06",₹-5.14,0.23333333333333334
AG-10390,Allen Goldenen,"₹1,214.30",₹69.28,0.22499999999999998
AG-10495,Andrew Gjertsen,"₹14,294.37",₹295.67,0.20476190476190476
AG-10525,Andy Gerbode,"₹4,166.42",₹-152.76,0.15555555555555556
AG-10675,Anna Gayman,"₹14,384.33",₹-246.43,0.16133333333333333
AG-10765,Anthony Garverick,₹655.11,₹-8.43,0.45999999999999996
AG-10900,Arthur Gainer,"₹25,244.51",₹343.68,0.16666666666666666
AH-10030,Aaron Hawkins,"₹11,459.55",₹365.22,0.09090909090909091
AH-10075,Adam Hart,"₹9,664.26",₹281.19,0.135
AH-10120,Adrian Hane,"₹7,796.52",₹-2.31,0.23750000000000002
AH-10195,Alan Haines,"₹7,423.32",₹-378.55,0.35
AH-10210,Alan Hwang,"₹21,646.99","₹1,308.55",0.09230769230769233
AH-10465,Amy Hunt,"₹16,748.49",₹-196.12,0.14
AH-10585,Angele Hood,"₹2,623.69",₹83.96,0.12000000000000002
AH-10690,Anna Hï¿½berlin,"₹54,393.22","₹1,298.02",0.21739130434782608
AI-10855,Arianne Irving,"₹21,848.31",₹867.73,0.07222222222222223
AJ-10780,Anthony Jacobs,"₹29,591.12",₹150.71,0.08666666666666667
AJ-10795,Anthony Johnson,"₹21,911.44","₹1,158.71",0.08333333333333333
AJ-10945,Ashley Jarboe,"₹10,038.33",₹521.14,0.04
AJ-10960,Astrea Jones,"₹2,938.48",₹60.43,0.04
AM-10360,Alice McCarthy,"₹4,061.39",₹194.99,0.125
AM-10705,Anne McFarland,"₹21,693.26","₹1,085.73",0.06363636363636363
AO-10810,Anthony O'Donnell,₹322.56,₹12.10,0.2
AP-10720,Anne Pryor,"₹10,546.86",₹285.79,0.1631578947368421
AP-10915,Arthur Prichep,"₹11,142.36",₹579.31,0.09354838709677421
AR-10345,Alex Russell,"₹3,803.92",₹-221.05,0.26
AR-10405,Allen Rosenblatt,"₹13,470.82",₹-98.76,0.09999999999999999
AR-10510,Andrew Roberts,"₹1,234.65",₹43.67,0.21428571428571427
AR-10540,Andy Reiter,"₹26,082.31","₹2,884.62",0.06666666666666668
AR-10570,Anemone Ratner,₹233.75,₹32.63,0.0
AR-10825,Anthony Rawles,"₹29,193.33",₹494.84,0.07692307692307693
AS-10045,Aaron Smayling,"₹9,088.88",₹-253.57,0.355
AS-10090,Adam Shillingsburg,"₹14,436.83",₹64.54,0.18
AS-10135,Adrian Shami,₹278.58,₹21.85,0.06666666666666667
AS-10225,Alan Schoenberger,"₹16,785.61",₹719.78,0.06153846153846154
AS-10240,Alan Shonely,"₹1,639.86",₹33.72,0.2692307692307692
AS-10285,Alejandro Savely,"₹18,818.60",₹354.63,0.225
AS-10630,Ann Steele,"₹3,433.52",₹136.49,0.18333333333333335
AT-10435,Alyssa Tate,"₹8,476.58",₹100.88,0.19999999999999998
AT-10735,Annie Thurman,"₹25,664.46",₹974.11,0.08750000000000001
AW-10840,Anthony Witt,"₹1,575.12",₹65.77,0.2
AW-10930,Arthur Wiediger,"₹11,577.90",₹-104.55,0.30625
AY-10555,Andy Yotov,"₹1,539.39",₹103.35,0.1
AZ-10750,Annie Zypern,"₹7,157.61",₹154.95,0.125
BB-10990,Barry Blumstein,"₹1,776.68",₹11.58,0.2
BB-11545,Brenda Bowman,"₹44,176.95","₹1,015.07",0.195
BC-11125,Becky Castell,"₹14,670.10",₹251.60,0.1111111111111111
BD-11320,Bill Donatelli,"₹30,758.51","₹1,094.50",0.07894736842105263
BD-11500,Bradley Drucker,"₹29,908.40","₹1,142.12",0.135
BD-11560,Brendan Dodson,₹956.94,₹116.71,0.0
BD-11605,Brian Dahlen,"₹13,147.95",₹634.85,0.0725
BD-11620,Brian DeCherney,"₹5,871.97",₹206.76,0.17500000000000002
BD-11635,Brian Derr,"₹2,444.90",₹141.53,0.1
BD-11725,Bruce Degenhardt,"₹4,384.74",₹333.98,0.02
BD-11770,Bryan Davis,"₹1,153.00",₹141.26,0.12000000000000002
BE-11335,Bill Eplett,"₹22,080.82","₹1,487.77",0.022222222222222223
BE-11410,Bobby Elias,"₹10,444.28",₹755.92,0.16
BE-11455,Brad Eason,"₹5,723.46",₹139.20,0.14615384615384613
BF-10975,Barbara Fisher,"₹1,710.83",₹227.44,0.14615384615384613
BF-11005,Barry Franz,"₹4,541.56",₹-291.38,0.18
BF-11020,Barry Franzï¿½sisch,"₹10,065.83",₹302.02,0.2571428571428572
BF-11080,Bart Folk,"₹1,516.59",₹110.93,0.0
BF-11170,Ben Ferrer,"₹17,668.28","₹1,538.21",0.12222222222222222
BF-11215,Benjamin Farhat,"₹7,672.73",₹523.21,0.05
BF-11275,Beth Fritzler,"₹2,014.59",₹25.87,0.15000000000000002
BG-11035,Barry Gonzalez,"₹12,180.25",₹-711.43,0.19166666666666665
BG-11695,Brooke Gillingham,"₹8,912.74",₹107.57,0.1375
BG-11740,Bruce Geld,"₹4,158.85",₹119.35,0.14285714285714285
BH-11710,Brosina Hoffman,"₹36,995.18",₹802.79,0.18333333333333335
BK-11260,Berenike Kampe,"₹3,224.33",₹-63.76,0.20625000000000002
BM-11140,Becky Martin,"₹88,175.27","₹-1,659.96",0.16875
BM-11575,Brendan Murry,"₹2,219.23",₹95.58,0.18
BM-11650,Brian Moss,"₹33,457.26","₹2,199.28",0.08448275862068966
BM-11785,Bryan Mills,"₹7,648.56",₹137.74,0.25
BN-11470,Brad Norvell,"₹1,030.37",₹36.61,0.16666666666666666
BN-11515,Bradley Nguyen,"₹7,124.30",₹340.71,0.023529411764705882
BO-11350,Bill Overfelt,"₹14,997.89",₹278.78,0.2333333333333333
BO-11425,Bobby Odegard,₹635.91,₹59.45,0.0
BP-11050,Barry Pond,"₹5,075.70",₹209.78,0.14285714285714285
BP-11095,Bart Pistole,"₹8,605.64",₹433.98,0.165
BP-11155,Becky Pak,"₹5,108.77",₹647.38,0.0818181818181818
BP-11185,Ben Peterman,"₹26,123.01",₹363.60,0.19444444444444445
BP-11230,Benjamin Patterson,"₹5,467.89",₹-197.27,0.06666666666666667
BP-11290,Beth Paige,"₹10,305.61",₹-319.06,0.3
BS-11365,Bill Shonely,"₹71,586.33","₹2,616.06",0.011111111111111112
BS-11380,Bill Stewart,"₹18,330.09",₹-17.53,0.27692307692307694
BS-11590,Brendan Sweed,"₹12,280.72",₹381.78,0.3
BS-11665,Brian Stugart,"₹21,697.75",₹238.74,0.18181818181818182
BS-11755,Bruce Stewart,"₹8,652.13",₹-113.30,0.13214285714285715
BS-11800,Bryan Spruell,"₹2,892.65",₹194.05,0.0
BT-11305,Beth Thompson,"₹11,322.37",₹417.59,0.044444444444444446
BT-11395,Bill Tyler,"₹14,218.76",₹257.92,0.15
BT-11440,Bobby Trafton,"₹1,181.25",₹-77.53,0.15714285714285717
BT-11485,Brad Thomas,₹977.76,₹126.87,0.06666666666666667
BT-11530,Bradley Talbott,"₹13,156.11",₹409.50,0.1
BT-11680,Brian Thompson,"₹14,303.49",₹447.75,0.07
BV-11245,Benjamin Venier,"₹5,527.43",₹315.22,0.09285714285714285
BW-11065,Barry Weirich,"₹1,141.93",₹-58.29,0.13333333333333333
BW-11110,Bart Watters,"₹12,220.50",₹921.26,0.1411764705882353
BW-11200,Ben Wallace,"₹13,533.47",₹247.00,0.15
CA-11965,Carol Adams,"₹12,157.84","₹1,143.38",0.11200000000000002
CA-12055,Cathy Armstrong,"₹7,418.93",₹211.26,0.3
CA-12265,Christina Anderson,"₹13,714.27",₹279.62,0.18941176470588236
CA-12310,Christine Abelman,"₹4,447.05",₹246.02,0.11818181818181818
CA-12775,Cynthia Arntzen,"₹15,507.75",₹204.49,0.18823529411764706
CB-12025,Cassandra Brandow,"₹41,043.09",₹150.21,0.16346153846153846
CB-12415,Christy Brittain,"₹7,603.30",₹272.39,0.3333333333333333
CB-12535,Claudia Bergmann,"₹29,645.23","₹1,049.56",0.05
CC-12100,Chad Cunningham,"₹6,823.59",₹208.59,0.21538461538461537
CC-12145,Charles Crestani,"₹8,074.65",₹392.28,0.08181818181818182
CC-12220,Chris Cortes,"₹20,295.60",₹393.96,0.11818181818181818
CC-12370,Christopher Conant,"₹50,632.10","₹2,177.05",0.2818181818181818
CC-12430,Chuck Clark,"₹10,977.63",₹424.66,0.05789473684210527
CC-12475,Cindy Chapman,"₹5,413.95",₹154.85,0.16153846153846155
CC-12550,Clay Cheatham,₹502.44,₹33.87,0.15000000000000002
CC-12610,Corey Catlett,"₹9,588.55",₹331.43,0.27499999999999997
CC-12670,Craig Carreira,"₹11,513.67",₹187.84,0.16785714285714287
CC-12685,Craig Carroll,"₹11,196.16",₹850.16,0.25
CD-11920,Carlos Daly,"₹6,839.38",₹426.66,0.044444444444444446
CD-11980,Carol Darley,"₹3,783.49",₹-206.72,0.43333333333333335
CD-12280,Christina DeMoss,"₹4,402.40",₹233.03,0.08461538461538462
CD-12790,Cynthia Delaney,"₹6,431.87",₹403.84,0.02666666666666667
CG-12040,Catherine Glotzbach,"₹2,684.02",₹86.51,0.18888888888888888
CG-12520,Claire Gute,"₹3,549.66",₹169.93,0.2
CH-12070,Cathy Hwang,"₹4,326.86",₹195.15,0.15000000000000002
CJ-11875,Carl Jackson,₹82.60,₹1.65,0.2
CJ-12010,Caroline Jumper,"₹51,872.45",₹858.74,0.1885
CK-12205,Chloris Kastensmidt,"₹9,811.05",₹141.28,0.234375
CK-12325,Christine Kargatis,"₹13,033.42",₹261.22,0.18333333333333335
CK-12595,Clytie Kelty,"₹13,488.56",₹497.71,0.184
CK-12760,Cyma Kinney,"₹7,568.26",₹-338.43,0.15
CL-11890,Carl Ludwig,"₹4,763.06",₹328.08,0.05714285714285715
CL-12565,Clay Ludtke,"₹50,070.52","₹1,933.78",0.1142857142857143
CL-12700,Craig Leslie,"₹16,734.53",₹229.01,0.1875
CM-11815,Candace McMahon,"₹8,605.67",₹214.46,0.12000000000000002
CM-11935,Carlos Meador,"₹2,248.42",₹-43.73,0.2
CM-12115,Chad McGuire,"₹9,233.61",₹409.07,0.028571428571428574
CM-12160,Charles McCrossin,"₹13,548.33",₹-394.37,0.24285714285714285
CM-12190,Charlotte Melton,"₹4,329.24",₹91.20,0.07142857142857142
CM-12235,Chris McAfee,"₹13,777.02",₹365.04,0.07500000000000001
CM-12385,Christopher Martinez,"₹49,465.57","₹3,899.89",0.12
CM-12445,Chuck Magee,"₹1,080.05",₹64.43,0.07777777777777778
CM-12655,Corinna Mitchell,"₹39,585.07","₹1,572.46",0.072
CM-12715,Craig Molinari,"₹22,161.16",₹176.31,0.30923076923076925
CP-12085,Cathy Prescott,"₹25,762.06",₹427.03,0.14285714285714285
CP-12340,Christine Phan,"₹27,833.14","₹-1,850.30",0.21333333333333335
CR-12580,Clay Rozendal,"₹21,937.16",₹74.40,0.13333333333333333
CR-12625,Corey Roper,"₹2,173.52",₹144.76,0.0
CR-12730,Craig Reiter,"₹5,985.16",₹306.92,0.26666666666666666
CR-12820,Cyra Reiten,"₹5,326.34",₹83.27,0.13142857142857142
CS-11845,Cari Sayre,"₹4,780.46",₹185.38,0.275
CS-11860,Cari Schnelling,"₹1,159.29",₹105.83,0.2285714285714286
CS-11950,Carlos Soltero,"₹12,378.12",₹-126.42,0.2636363636363636
CS-12130,Chad Sievert,"₹4,591.56",₹143.83,0.1142857142857143
CS-12175,Charles Sheldon,"₹3,808.64",₹113.14,0.1625
CS-12250,Chris Selesnick,"₹13,532.67",₹738.36,0.05714285714285715
CS-12355,Christine Sundaresam,"₹13,292.06",₹831.94,0.08181818181818182
CS-12400,Christopher Schild,"₹12,133.73",₹-342.80,0.21428571428571427
CS-12460,Chuck Sachs,"₹1,476.89",₹156.26,0.06666666666666667
CS-12490,Cindy Schnelling,"₹5,907.64",₹-302.88,0.25
CS-12505,Cindy Stewart,"₹26,668.83","₹-6,626.39",0.19999999999999998
CT-11995,Carol Triggs,"₹12,281.76",₹161.23,0.16111111111111112
CV-12295,Christina VanderZanden,"₹10,505.91",₹493.09,0.07692307692307693
CV-12805,Cynthia Voltz,"₹9,291.97",₹99.00,0.2431578947368421
CW-11905,Carl Weiss,"₹6,943.42",₹370.83,0.09090909090909091
CY-12745,Craig Yedwab,"₹14,131.03",₹60.65,0.2
Co-12640,Corey-Lock,"₹5,447.11",₹205.63,0.175
DA-13450,Dianna Arnett,₹612.69,₹56.79,0.125
DB-12910,Daniel Byrd,"₹10,968.75",₹431.37,0.15416666666666667
DB-12970,Darren Budd,"₹11,410.42",₹213.00,0.16571428571428573
DB-13060,Dave Brooks,"₹20,617.75",₹473.03,0.1846153846153846
DB-13120,David Bremer,"₹21,079.21","₹-1,421.77",0.14285714285714285
DB-13210,Dean Braden,"₹7,715.05",₹169.97,0.18571428571428572
DB-13270,Deborah Brumfield,"₹23,477.24",₹841.83,0.2076923076923077
DB-13360,Dennis Bolton,"₹4,079.79",₹291.01,0.08333333333333333
DB-13405,Denny Blanton,"₹9,280.32",₹438.91,0.028571428571428574
DB-13555,Dorothy Badders,"₹19,239.64",₹109.33,0.15142857142857144
DB-13615,Doug Bickford,"₹5,846.00",₹438.80,0.14545454545454548
DB-13660,Duane Benoit,"₹4,062.72",₹177.67,0.16
DC-12850,Dan Campbell,"₹17,688.79","₹-1,441.63",0.21111111111111114
DC-13285,Debra Catini,"₹6,420.23",₹132.07,0.07857142857142858
DD-13570,Dorothy Dickinson,₹872.44,₹36.43,0.24444444444444446
DE-13255,Deanra Eno,"₹21,287.99",₹464.47,0.1111111111111111
DF-13135,David Flashing,"₹9,182.74",₹-259.31,0.2833333333333334
DG-13300,Deirdre Greer,"₹29,704.32",₹562.78,0.1
DH-13075,Dave Hallsten,"₹24,698.26","₹1,193.74",0.0782608695652174
DH-13675,Duane Huffman,"₹4,896.63",₹116.67,0.12272727272727274
DJ-13420,Denny Joy,"₹9,088.92",₹483.03,0.0
DJ-13510,Don Jones,"₹10,026.61",₹345.25,0.06923076923076923
DJ-13630,Doug Jacobs,"₹34,403.29",₹731.56,0.0625
DK-12835,Damala Kotsonis,"₹15,301.93",₹881.12,0.17777777777777778
DK-12895,Dana Kaydos,"₹21,440.55",₹937.65,0.08000000000000002
DK-12985,Darren Koutras,"₹7,013.54",₹-107.35,0.1625
DK-13090,Dave Kipp,"₹6,756.62",₹536.39,0.13846153846153847
DK-13150,David Kendrick,"₹4,563.46",₹249.94,0.12000000000000002
DK-13225,Dean Katz,"₹19,404.57",₹209.90,0.19473684210526318
DK-13375,Dennis Kane,"₹11,888.48",₹377.08,0.10869565217391304
DL-12865,Dan Lawera,"₹6,384.65",₹322.24,0.15
DL-12925,Daniel Lacy,"₹8,710.71",₹4.21,0.03571428571428571
DL-13315,Delfina Latchford,"₹6,141.88",₹288.87,0.1823529411764706
DL-13330,Denise Leinenbach,"₹1,857.31",₹222.68,0.05
DL-13495,Dionis Lloyd,"₹16,085.12",₹-52.79,0.05000000000000001
DM-12955,Dario Medina,"₹6,610.81",₹108.76,0.16666666666666666
DM-13015,Darrin Martin,"₹29,688.54","₹1,677.39",0.22999999999999998
DM-13345,Denise Monton,"₹12,378.12","₹1,319.06",0.1
DM-13525,Don Miller,"₹4,615.41",₹199.77,0.16999999999999998
DN-13690,Duane Noonan,"₹11,613.21",₹540.54,0.018181818181818184
DO-13435,Denny Ordway,"₹4,280.12",₹-38.91,0.15769230769230771
DO-13645,Doug O'Connell,"₹5,806.62",₹294.07,0.09090909090909091
DP-13000,Darren Powers,"₹5,452.96",₹241.45,0.2117647058823529
DP-13105,Dave Poirier,"₹12,798.41",₹563.18,0.1142857142857143
DP-13165,David Philippe,"₹5,297.25",₹-40.94,0.15000000000000002
DP-13390,Dennis Pardue,"₹17,390.31","₹1,571.83",0.18571428571428572
DR-12880,Dan Reichenbach,"₹30,880.19","₹1,641.86",0.13333333333333333
DR-12940,Daniel Raglin,"₹65,092.94","₹2,869.08",0.15384615384615383
DS-13030,Darrin Sayre,"₹4,261.29",₹193.33,0.1394736842105263
DS-13180,David Smith,"₹13,318.11",₹163.70,0.15350000000000003
DV-13045,Darrin Van Huff,"₹6,156.89",₹-427.18,0.17222222222222222
DV-13465,Dianna Vittorini,"₹12,663.73",₹353.21,0.11333333333333334
DW-13195,David Wiener,"₹5,877.61",₹-86.87,0.24444444444444446
DW-13480,Dianna Wilson,"₹26,689.38","₹1,348.76",0.03636363636363637
DW-13540,Don Weiss,"₹1,012.35",₹69.67,0.17777777777777778
DW-13585,Dorothy Wardle,"₹6,212.15",₹-266.90,0.17
Dl-13600,Dorris liebe,"₹2,305.02",₹175.24,0.21666666666666667
Dp-13240,Dean percer,"₹30,000.24",₹333.36,0.18620689655172415
EA-14035,Erin Ashbrook,"₹9,820.14",₹-52.74,0.3
EB-13705,Ed Braxton,"₹17,944.15",₹13.62,0.25833333333333336
EB-13750,Edward Becker,"₹20,634.98",₹-80.29,0.145
EB-13840,Ellis Ballard,"₹31,464.98",₹656.20,0.125
EB-13870,Emily Burns,"₹10,715.33",₹261.53,0.29090909090909095
EB-13930,Eric Barreto,"₹3,743.65",₹0.60,0.17142857142857143
EB-13975,Erica Bern,"₹7,082.42",₹162.88,0.2833333333333333
EB-14110,Eugene Barchas,"₹9,517.14",₹184.77,0.2090909090909091
EB-14170,Evan Bailliet,"₹5,476.73",₹282.17,0.2285714285714286
EC-14050,Erin Creighton,"₹2,337.53",₹96.43,0.09999999999999999
ED-13885,Emily Ducich,"₹32,428.62",₹670.44,0.21428571428571427
EG-13900,Emily Grady,"₹7,031.19",₹104.27,0.2
EH-13765,Edward Hooks,"₹37,836.83","₹1,393.52",0.07187500000000001
EH-13945,Eric Hoffmann,"₹3,732.97",₹53.54,0.29411764705882354
EH-13990,Erica Hackney,"₹3,135.13",₹150.38,0.0625
EH-14005,Erica Hernandez,"₹6,331.55",₹-94.14,0.17272727272727273
EH-14125,Eugene Hildebrand,"₹16,399.17",₹96.27,0.20555555555555557
EH-14185,Evan Henry,"₹2,076.99",₹242.11,0.28750000000000003
EJ-13720,Ed Jacobs,"₹11,744.29",₹387.02,0.175
EJ-14155,Eva Jacobs,"₹8,063.41",₹451.88,0.0625
EK-13795,Eileen Kiefer,"₹12,240.32",₹97.11,0.0875
EL-13735,Ed Ludwig,₹436.86,₹27.12,0.0
EM-13810,Eleni McCrary,"₹11,291.84",₹-133.83,0.14285714285714285
EM-13825,Elizabeth Moffitt,"₹8,897.38",₹682.55,0.0625
EM-13960,Eric Murdock,"₹2,285.69",₹102.30,0.2333333333333333
EM-14065,Erin Mull,₹645.78,₹40.15,0.25
EM-14095,Eudokia Martin,"₹4,188.21",₹240.24,0.1
EM-14140,Eugene Moren,"₹17,905.67","₹1,319.37",0.06666666666666668
EM-14200,Evan Minnotte,"₹1,979.36",₹21.77,0.125
EN-13780,Edward Nazzal,"₹6,392.73",₹496.11,0.044444444444444446
EP-13915,Emily Phan,"₹27,271.51",₹144.96,0.19741935483870968
ER-13855,Elpida Rittenbach,"₹10,118.42",₹-295.74,0.2
ES-14020,Erica Smith,"₹21,241.69","₹1,003.29",0.125
ES-14080,Erin Smith,"₹21,539.02",₹246.67,0.26
FA-14230,Frank Atkinson,"₹9,508.54",₹520.52,0.25882352941176473
FC-14245,Frank Carlisle,"₹18,887.81","₹1,217.17",0.1357142857142857
FC-14335,Fred Chung,"₹18,402.59",₹714.29,0.16
FG-14260,Frank Gastineau,"₹7,905.30",₹394.74,0.11818181818181818
FH-14275,Frank Hawley,"₹15,720.06","₹1,073.27",0.1285714285714286
FH-14350,Fred Harton,"₹9,455.73",₹706.29,0.10714285714285714
FH-14365,Fred Hopkins,"₹43,334.98","₹2,050.28",0.13846153846153847
FM-14215,Filia McAdams,"₹9,588.23",₹249.68,0.09333333333333334
FM-14290,Frank Merwin,"₹29,930.14",₹198.11,0.18
FM-14380,Fred McMath,"₹10,407.38",₹191.49,0.15714285714285717
FO-14305,Frank Olsen,"₹14,643.39",₹215.60,0.22
FP-14320,Frank Preis,"₹18,000.29",₹406.45,0.13571428571428573
FW-14395,Fred Wasserman,₹269.23,₹23.49,0.0
GA-14515,George Ashbrook,"₹18,171.61",₹840.90,0.0642857142857143
GA-14725,Guy Armstrong,"₹5,117.59",₹136.71,0.17954545454545456
GB-14530,George Bell,"₹4,561.09",₹7.84,0.16999999999999998
GB-14575,Giulietta Baptist,"₹22,728.07","₹1,135.84",0.037500000000000006
GD-14590,Giulietta Dortch,"₹17,635.47",₹230.94,0.13333333333333333
GG-14650,Greg Guthrie,"₹9,738.63",₹12.70,0.15
GH-14410,Gary Hansen,"₹9,812.51",₹-576.83,0.27058823529411763
GH-14425,Gary Hwang,"₹15,638.43","₹1,176.42",0.19
GH-14485,Gene Hale,"₹8,855.75",₹-95.45,0.4666666666666666
GH-14665,Greg Hansen,₹416.64,₹-5.81,0.24
GK-14620,Grace Kelly,"₹30,625.49","₹1,448.55",0.15714285714285717
GM-14440,Gary McGarr,"₹15,675.89",₹347.27,0.11818181818181818
GM-14455,Gary Mitchum,"₹15,357.10",₹793.28,0.16666666666666666
GM-14500,Gene McClure,"₹7,516.31",₹441.32,0.11538461538461539
GM-14680,Greg Matthias,"₹12,467.12",₹35.49,0.14545454545454548
GM-14695,Greg Maxwell,"₹26,599.09",₹188.72,0.05454545454545456
GP-14740,Guy Phonely,"₹1,115.16",₹31.84,0.13999999999999999
GR-14560,Georgia Rosenberg,"₹7,827.68",₹359.83,0.0
GT-14635,Grant Thornton,"₹36,842.33","₹-4,108.66",0.25
GT-14710,Greg Tran,"₹73,016.05","₹2,163.43",0.1
GT-14755,Guy Thornton,₹749.92,₹-6.14,0.2
GW-14605,Giulietta Weimer,"₹11,015.20",₹-268.54,0.15555555555555556
GZ-14470,Gary Zandusky,"₹16,404.05","₹1,087.75",0.07857142857142858
GZ-14545,George Zrebassa,"₹12,248.01",₹828.66,0.04
HA-14905,Helen Abelman,"₹8,742.83",₹270.86,0.22999999999999998
HA-14920,Helen Andreada,"₹11,728.77",₹99.14,0.2
HD-14785,Harold Dahlen,"₹1,468.83",₹-135.88,0.3
HE-14800,Harold Engle,"₹4,202.29",₹274.40,0.018181818181818184
HF-14995,Herbert Flentye,"₹10,052.24",₹-13.88,0.13157894736842105
HG-14845,Harry Greene,"₹3,357.23",₹147.00,0.19
HG-14965,Henry Goldwyn,"₹16,023.13","₹-2,797.96",0.17058823529411765
HG-15025,Hunter Glantz,"₹15,864.14",₹804.61,0.17272727272727273
HH-15010,Hilary Holden,₹689.34,₹86.73,0.03333333333333333
HJ-14875,Heather Jas,"₹1,146.29",₹98.65,0.10000000000000002
HK-14890,Heather Kirkland,"₹20,930.81",₹956.95,0.21333333333333335
HL-15040,Hunter Lopez,"₹44,296.45","₹5,622.43",0.018181818181818184
HM-14860,Harry Marie,"₹51,263.61","₹2,437.98",0.231
HM-14980,Henry MacAllister,"₹3,920.86",₹117.28,0.17142857142857146
HP-14815,Harold Pawlan,"₹10,228.18",₹373.86,0.3
HR-14770,Hallie Redmond,"₹5,337.02",₹185.58,0.04615384615384616
HR-14830,Harold Ryan,"₹23,431.21","₹1,196.95",0.09999999999999999
HW-14935,Helen Wasserman,"₹61,663.32","₹2,164.16",0.045
HZ-14950,Henia Zydlo,"₹4,196.46",₹-130.39,0.19999999999999998
IG-15085,Ivan Gibson,"₹2,322.21",₹320.50,0.028571428571428574
IL-15100,Ivan Liston,"₹35,323.84","₹1,121.94",0.07142857142857142
IM-15055,Ionia McGrath,"₹14,354.69",₹975.77,0.1
IM-15070,Irene Maddox,"₹38,454.96",₹514.65,0.16666666666666666
JA-15970,Joseph Airdo,"₹39,371.36",₹-819.42,0.2125
JB-15400,Jennifer Braxton,"₹3,654.38",₹156.05,0.20625000000000002
JB-15925,Joni Blumstein,"₹4,082.63",₹-286.98,0.3
JB-16000,Joy Bell-,"₹2,095.12",₹126.76,0.07428571428571429
JB-16045,Julia Barnett,"₹16,700.00",₹201.52,0.1888888888888889
JC-15340,Jasper Cacioppo,₹225.04,₹-0.36,0.22499999999999998
JC-15385,Jenna Caffey,"₹6,835.10",₹502.92,0.05
JC-15775,John Castell,"₹11,954.95",₹279.57,0.12187500000000001
JC-16105,Julie Creighton,"₹4,698.94",₹201.60,0.044444444444444446
JD-15790,John Dryer,"₹11,656.74",₹-266.55,0.17142857142857146
JD-15895,Jonathan Doherty,"₹47,401.52","₹1,050.27",0.075
JD-16015,Joy Daniels,"₹1,732.43",₹26.76,0.3090909090909091
JD-16060,Julia Dunbar,"₹2,275.81",₹111.11,0.049999999999999996
JD-16150,Justin Deggeller,"₹43,088.39","₹1,619.52",0.05588235294117647
JE-15475,Jeremy Ellison,"₹4,406.87",₹276.22,0.18461538461538465
JE-15610,Jim Epp,"₹31,911.84","₹1,623.40",0.16
JE-15715,Joe Elijah,"₹44,639.97","₹1,262.29",0.3227272727272727
JE-15745,Joel Eaton,"₹31,595.38",₹221.80,0.14565217391304347
JE-16165,Justin Ellison,"₹21,268.31",₹789.65,0.028571428571428574
JF-15190,Jamie Frazer,"₹9,106.82",₹575.13,0.12105263157894736
JF-15295,Jason Fortune-,"₹2,683.34",₹97.29,0.1142857142857143
JF-15355,Jay Fein,"₹7,396.78",₹330.20,0.07500000000000001
JF-15415,Jennifer Ferguson,"₹11,892.48",₹635.64,0.07142857142857142
JF-15490,Jeremy Farry,"₹3,332.13",₹-18.07,0.14666666666666667
JF-15565,Jill Fjeld,"₹22,860.01","₹1,073.21",0.17500000000000002
JG-15115,Jack Garza,"₹6,906.66",₹684.19,0.24285714285714288
JG-15160,James Galang,"₹24,343.93","₹1,415.67",0.1111111111111111
JG-15310,Jason Gross,"₹11,289.88",₹3.80,0.2545454545454545
JG-15805,John Grady,"₹7,940.78",₹206.10,0.06666666666666668
JH-15430,Jennifer Halladay,"₹1,176.26",₹-24.08,0.31428571428571433
JH-15820,John Huston,"₹2,345.24",₹26.08,0.15000000000000002
JH-15910,Jonathan Howell,"₹3,487.51",₹-13.55,0.14444444444444446
JH-15985,Joseph Holt,"₹80,520.04",₹-644.70,0.08571428571428573
JH-16180,Justin Hirsh,"₹16,518.35",₹-96.95,0.22000000000000003
JJ-15445,Jennifer Jackson,"₹2,830.43",₹200.56,0.06666666666666667
JJ-15760,Joel Jenkins,₹842.28,₹34.45,0.06666666666666667
JK-15205,Jamie Kunitz,"₹49,129.41","₹1,219.98",0.13076923076923078
JK-15325,Jason Klamczynski,"₹2,024.17",₹55.33,0.1
JK-15370,Jay Kimmel,"₹13,002.40",₹330.28,0.12352941176470589
JK-15625,Jim Karlsson,"₹14,659.47",₹750.95,0.11666666666666668
JK-15640,Jim Kriz,"₹22,953.31","₹1,172.53",0.10000000000000002
JK-15730,Joe Kamberova,"₹22,279.27",₹55.05,0.3325
JK-16090,Juliana Krohn,"₹15,712.54",₹586.66,0.19999999999999998
JK-16120,Julie Kriz,"₹14,825.18",₹122.66,0.20588235294117646
JL-15130,Jack Lebron,"₹6,641.42",₹-207.80,0.26666666666666666
JL-15175,James Lanier,"₹6,864.84",₹209.28,0.21428571428571427
JL-15235,Janet Lee,"₹11,410.88",₹54.52,0.22000000000000003
JL-15505,Jeremy Lonsdale,"₹13,298.65",₹591.72,0.07058823529411766
JL-15835,John Lee,"₹47,692.29",₹228.91,0.08823529411764706
JL-15850,John Lucas,"₹9,215.96",₹779.90,0.23636363636363636
JM-15250,Janet Martin,"₹19,036.89",₹19.82,0.2894736842105263
JM-15265,Janet Molinari,"₹9,801.51",₹502.61,0.13846153846153847
JM-15535,Jessica Myrick,"₹10,786.42",₹356.54,0.09
JM-15580,Jill Matthias,"₹1,348.41",₹113.12,0.1142857142857143
JM-15655,Jim Mitchum,"₹3,613.04",₹117.20,0.15833333333333335
JM-15865,John Murray,"₹46,694.98","₹1,574.62",0.1846153846153846
JM-16195,Justin MacKendrick,"₹13,063.45",₹754.11,0.06315789473684212
JO-15145,Jack O'Briant,"₹18,434.05",₹581.40,0.07307692307692308
JO-15280,Jas O'Carroll,"₹8,109.85",₹202.14,0.17272727272727273
JO-15550,Jesus Ocampo,"₹5,233.51",₹167.67,0.23636363636363636
JP-15460,Jennifer Patt,"₹7,139.94",₹429.75,0.14
JP-15520,Jeremy Pistek,"₹13,103.39",₹757.18,0.059375000000000004
JP-16135,Julie Prescott,"₹7,998.23",₹309.71,0.15384615384615385
JR-15670,Jim Radford,"₹6,382.77",₹-785.16,0.3
JR-15700,Jocasta Rupert,"₹2,591.64",₹107.98,0.2
JR-16210,Justin Ritter,"₹13,315.35",₹452.37,0.22000000000000003
JS-15595,Jill Stevenson,"₹7,131.39",₹-175.55,0.3125
JS-15685,Jim Sink,"₹3,721.20",₹-54.87,0.20909090909090908
JS-15880,John Stevenson,"₹32,804.77",₹564.98,0.14666666666666667
JS-15940,Joni Sundaresam,"₹2,705.59",₹-327.93,0.3375
JS-16030,Joy Smith,"₹10,783.35",₹-311.26,0.18333333333333332
JW-15220,Jane Waco,"₹42,337.59","₹2,173.71",0.07142857142857142
JW-15955,Joni Wasserman,"₹5,398.92",₹-29.58,0.08181818181818182
JW-16075,Julia West,"₹8,867.23",₹154.06,0.32857142857142857
KA-16525,Kelly Andreada,"₹7,631.01",₹234.92,0.05454545454545456
KB-16240,Karen Bern,"₹14,079.31",₹763.91,0.15
KB-16315,Karl Braun,"₹4,135.59",₹49.72,0.19545454545454544
KB-16405,Katrina Bavinger,"₹3,107.12",₹274.30,0.044444444444444446
KB-16585,Ken Black,"₹18,572.45",₹579.36,0.10869565217391304
KB-16600,Ken Brennan,"₹4,184.43",₹293.55,0.2666666666666667
KC-16255,Karen Carlisle,"₹11,110.69",₹846.12,0.02
KC-16540,Kelly Collister,"₹47,868.55",₹709.42,0.2
KC-16675,Kimberly Carter,"₹6,852.25",₹156.78,0.08571428571428573
KD-16270,Karen Daniels,"₹52,023.75","₹1,107.70",0.1875
KD-16345,Katherine Ducich,"₹7,036.84",₹328.59,0.13
KD-16495,Keith Dawkins,"₹27,184.27","₹3,038.63",0.08750000000000001
KD-16615,Ken Dana,"₹8,477.03",₹539.72,0.1076923076923077
KE-16420,Katrina Edelman,"₹9,969.81",₹397.88,0.21466666666666667
KF-16285,Karen Ferguson,"₹65,603.56","₹1,660.14",0.03333333333333334
KH-16330,Katharine Harms,"₹14,241.01",₹454.79,0.1388888888888889
KH-16360,Katherine Hughes,"₹13,666.03",₹528.21,0.15
KH-16510,Keith Herrera,"₹35,862.66",₹656.12,0.10869565217391304
KH-16630,Ken Heidel,"₹25,264.71",₹727.38,0.10588235294117647
KH-16690,Kristen Hastings,"₹38,705.55","₹1,227.51",0.12666666666666665
KL-16555,Kelly Lampkin,"₹22,615.82",₹-182.78,0.29545454545454547
KL-16645,Ken Lonsdale,"₹74,912.31",₹806.86,0.19999999999999998
KM-16225,Kalyca Meade,"₹8,951.14",₹635.11,0.021052631578947368
KM-16375,Katherine Murray,"₹21,907.03",₹973.79,0.13999999999999999
KM-16660,Khloe Miller,"₹1,735.56",₹91.14,0.044444444444444446
KM-16720,Kunst Miller,"₹18,430.32",₹745.77,0.08928571428571429
KN-16390,Katherine Nockton,"₹9,787.94",₹-151.15,0.21764705882352942
KN-16450,Kean Nguyen,"₹20,760.61",₹114.31,0.28125
KN-16705,Kristina Nunn,"₹9,633.18",₹329.76,0.12000000000000001
KS-16300,Karen Seio,₹171.12,₹0.11,0.275
KT-16465,Kean Takahito,"₹13,316.69",₹254.00,0.2285714285714286
KT-16480,Kean Thornton,"₹19,008.46",₹194.07,0.14769230769230768
KW-16435,Katrina Willman,"₹25,930.36","₹1,756.13",0.11000000000000001
KW-16570,Kelly Williams,"₹1,902.84",₹107.93,0.04
LA-16780,Laura Armstrong,"₹36,967.37","₹2,059.12",0.11538461538461539
LB-16735,Larry Blacks,₹264.47,₹18.65,0.26666666666666666
LB-16795,Laurel Beltran,"₹17,830.59",₹-52.19,0.23750000000000002
LC-16870,Lena Cacioppo,"₹10,565.96",₹-188.25,0.24000000000000002
LC-16885,Lena Creighton,"₹35,295.88","₹1,288.35",0.1565217391304348
LC-16930,Linda Cazamias,"₹32,752.65",₹288.27,0.17142857142857143
LC-16960,Lindsay Castell,"₹25,956.99",₹299.48,0.2857142857142857
LC-17050,Liz Carlisle,"₹9,509.27",₹86.78,0.27222222222222225
LC-17140,Logan Currie,"₹15,642.59",₹231.13,0.18421052631578946
LD-16855,Lela Donovan,₹15.91,₹0.46,0.2
LD-17005,Lisa DeCherney,"₹13,983.32",₹557.17,0.028571428571428574
LE-16810,Laurel Elliston,"₹4,128.16",₹161.76,0.2555555555555556
LF-17185,Luke Foster,"₹27,578.11","₹-3,583.98",0.31875
LH-16750,Larry Hughes,"₹1,415.09",₹12.63,0.3666666666666667
LH-16900,Lena Hernandez,"₹13,230.76",₹526.07,0.12666666666666665
LH-17020,Lisa Hazard,"₹1,334.26",₹-242.74,0.4666666666666666
LH-17155,Logan Haushalter,"₹4,530.18",₹316.52,0.07894736842105263
LL-16840,Lauren Leatherbury,"₹18,254.69",₹560.01,0.016666666666666666
LM-17065,Liz MacKendrick,"₹8,755.44",₹-44.88,0.05714285714285715
LO-17170,Lori Olson,"₹3,115.42",₹150.17,0.25555555555555554
LP-17080,Liz Pelletier,"₹2,898.13",₹110.78,0.1111111111111111
LP-17095,Liz Preis,"₹12,451.67",₹338.45,0.18666666666666665
LR-16915,Lena Radford,"₹18,527.65",₹535.48,0.17500000000000002
LR-17035,Lisa Ryan,"₹9,707.38",₹-382.81,0.27499999999999997
LS-16945,Linda Southworth,"₹9,988.51",₹-318.77,0.3071428571428571
LS-16975,Lindsay Shagiari,"₹10,728.38",₹262.64,0.2818181818181818
LS-17200,Luke Schmidt,"₹5,655.05",₹244.20,0.2
LS-17230,Lycoris Saunders,₹889.31,₹39.20,0.11666666666666665
LS-17245,Lynn Smith,"₹4,534.41",₹348.36,0.08333333333333333
LT-16765,Larry Tron,₹788.04,₹59.04,0.13333333333333333
LT-17110,Liz Thompson,"₹15,159.49",₹320.97,0.24642857142857144
LW-16825,Laurel Workman,"₹7,637.24",₹32.58,0.20666666666666667
LW-16990,Lindsay Williams,"₹15,203.33",₹662.83,0.10909090909090911
LW-17125,Liz Willingham,"₹5,006.40",₹192.63,0.0
LW-17215,Luke Weiss,"₹28,868.74",₹837.24,0.16666666666666666
MA-17560,Matt Abelman,"₹15,627.02","₹1,240.23",0.09411764705882353
MA-17995,Michelle Arnett,"₹9,637.29",₹280.78,0.041666666666666664
MB-17305,Maria Bertelson,"₹4,798.76",₹212.43,0.17368421052631577
MB-18085,Mick Brown,"₹5,970.72",₹117.81,0.2
MC-17275,Marc Crier,"₹15,318.28",₹461.00,0.13076923076923078
MC-17425,Mark Cousins,"₹29,370.07","₹1,802.39",0.12
MC-17575,Matt Collins,"₹5,340.71",₹210.75,0.29090909090909095
MC-17590,Matt Collister,"₹9,329.27",₹288.98,0.17058823529411765
MC-17605,Matt Connell,"₹6,903.66",₹195.45,0.2222222222222222
MC-17635,Matthew Clasen,"₹3,619.31",₹-247.94,0.17500000000000002
MC-17845,Michael Chen,"₹14,071.89",₹698.42,0.09999999999999999
MC-18100,Mick Crebagga,"₹12,377.54",₹-64.17,0.26842105263157895
MC-18130,Mike Caudle,"₹4,768.01",₹121.76,0.05454545454545456
MD-17350,Maribeth Dona,"₹21,171.49",₹-241.95,0.32941176470588235
MD-17860,Michael Dominguez,"₹8,528.04",₹-4.04,0.2875
ME-17320,Maria Etezadi,"₹71,594.30","₹1,859.47",0.1318181818181818
ME-17725,Max Engle,"₹5,672.84",₹77.81,0.2246153846153846
ME-18010,Michelle Ellison,"₹2,587.41",₹107.36,0.16666666666666666
MF-17665,Maureen Fritzler,"₹5,061.13",₹-341.53,0.13749999999999998
MF-18250,Monica Federle,"₹6,443.60",₹456.86,0.06666666666666667
MG-17650,Matthew Grinstein,"₹18,764.46",₹341.90,0.1285714285714286
MG-17680,Maureen Gastineau,"₹5,122.49",₹25.89,0.225
MG-17695,Maureen Gnade,"₹7,335.33",₹-398.79,0.2571428571428572
MG-17875,Michael Grace,"₹6,368.87",₹-470.77,0.24285714285714288
MG-17890,Michael Granlund,"₹2,456.41",₹171.74,0.11923076923076924
MG-18145,Mike Gockenbach,"₹15,779.55",₹-93.60,0.1875
MG-18205,Mitch Gastineau,₹74.86,₹-1.25,0.44999999999999996
MH-17290,Marc Harrigan,"₹11,500.66",₹28.76,0.18846153846153849
MH-17440,Mark Haberlin,"₹1,393.38",₹61.43,0.07777777777777778
MH-17455,Mark Hamilton,"₹10,914.60",₹484.77,0.16363636363636364
MH-17620,Matt Hagelstein,"₹4,925.63",₹122.36,0.23333333333333336
MH-17785,Maya Herman,"₹11,665.51",₹238.56,0.07272727272727274
MH-18025,Michelle Huthwaite,"₹11,361.21",₹476.90,0.13
MH-18115,Mick Hernandez,"₹27,075.78",₹170.97,0.16818181818181818
MJ-17740,Max Jones,"₹24,600.04","₹1,054.55",0.21333333333333335
MK-17905,Michael Kennedy,"₹10,500.65",₹-405.36,0.3
MK-18160,Mike Kennedy,"₹4,475.31",₹227.83,0.0818181818181818
ML-17395,Marina Lichtenstein,"₹11,691.19",₹684.92,0.17250000000000001
ML-17410,Maris LaWare,"₹13,091.26",₹-76.18,0.16666666666666666
ML-17755,Max Ludwig,"₹13,095.56",₹409.51,0.1076923076923077
ML-18040,Michelle Lonsdale,"₹3,441.73",₹138.72,0.25
ML-18265,Muhammed Lee,₹334.74,₹42.66,0.06666666666666667
MM-17260,Magdelene Morse,"₹3,299.68",₹178.40,0.13333333333333333
MM-17920,Michael Moore,"₹13,426.80",₹82.12,0.18125
MM-18055,Michelle Moray,"₹14,340.71",₹-520.34,0.21052631578947367
MM-18280,Muhammed MacIntyre,"₹1,897.77",₹58.89,0.14166666666666666
MN-17935,Michael Nguyen,"₹10,980.39",₹290.82,0.26
MO-17500,Mary O'Rourke,"₹2,774.81",₹59.36,0.22000000000000003
MO-17800,Meg O'Connel,"₹6,588.55",₹169.34,0.16363636363636364
MO-17950,Michael Oakman,₹607.15,₹-82.01,0.35000000000000003
MP-17470,Mark Packer,"₹14,941.42",₹600.29,0.12142857142857144
MP-17965,Michael Paige,"₹12,823.93",₹638.16,0.255
MP-18175,Mike Pelletier,"₹18,901.21",₹226.45,0.15526315789473685
MR-17545,Mathew Reese,"₹2,570.20",₹162.94,0.20000000000000004
MS-17365,Maribeth Schnelling,"₹49,281.03",₹844.94,0.16041666666666668
MS-17530,MaryBeth Skach,"₹1,125.76",₹84.03,0.15714285714285717
MS-17710,Maurice Satty,"₹6,480.40",₹247.43,0.22
MS-17770,Maxwell Schwartz,"₹12,783.68",₹280.86,0.09999999999999999
MS-17830,Melanie Seite,₹942.25,₹19.43,0.18
MS-17980,Michael Stewart,"₹4,847.02",₹55.23,0.17272727272727273
MT-17815,Meg Tillman,"₹20,572.73",₹509.01,0.12999999999999998
MT-18070,Michelle Tran,"₹5,537.71",₹-23.68,0.2427272727272727
MV-17485,Mark Van Huff,"₹7,221.04",₹189.03,0.24000000000000002
MV-18190,Mike Vittorini,"₹10,093.04",₹273.86,0.08636363636363636
MW-18220,Mitch Webber,"₹27,995.75","₹1,238.42",0.07857142857142858
MW-18235,Mitch Willingham,"₹26,625.35","₹1,665.52",0.06666666666666667
MY-17380,Maribeth Yedwab,"₹13,014.22",₹319.12,0.3076923076923077
MY-18295,Muhammed Yedwab,"₹24,715.66",₹-371.71,0.2438095238095238
MZ-17335,Maria Zettner,"₹1,558.77",₹85.02,0.06666666666666667
MZ-17515,Mary Zewe,"₹6,118.41",₹787.75,0.27999999999999997
NB-18580,Nicole Brennan,₹951.54,₹24.79,0.1
NB-18655,Nona Balk,"₹8,447.37",₹117.64,0.1735294117647059
NC-18340,Nat Carroll,"₹6,911.21",₹580.31,0.0411764705882353
NC-18415,Nathan Cano,"₹10,929.03","₹-2,204.81",0.2642857142857143
NC-18535,Nick Crebassa,"₹28,227.49","₹1,314.76",0.13666666666666666
NC-18625,Noah Childs,"₹8,256.10",₹-359.02,0.24444444444444446
ND-18370,Natalie DeCherney,"₹29,130.28",₹353.65,0.21111111111111114
ND-18460,Neil Ducich,"₹19,736.29",₹443.34,0.0875
NF-18385,Natalie Fritzler,"₹35,217.77","₹-1,695.97",0.25
NF-18475,Neil Franzï¿½sisch,"₹1,136.67",₹85.93,0.25
NF-18595,Nicole Fjeld,"₹9,019.74",₹388.21,0.11666666666666668
NG-18355,Nat Gilpin,"₹5,915.51",₹313.63,0.08750000000000001
NG-18430,Nathan Gelder,"₹6,321.99",₹217.09,0.1111111111111111
NH-18610,Nicole Hansen,"₹15,362.46",₹760.17,0.05454545454545456
NK-18490,Neil Knudson,"₹4,121.34",₹121.22,0.1272727272727273
NL-18310,Nancy Lomonaco,"₹8,226.89",₹343.64,0.06000000000000001
NM-18445,Nathan Mautz,"₹18,328.38","₹2,751.68",0.042857142857142864
NM-18520,Neoma Murray,"₹10,892.48",₹788.95,0.26
NP-18325,Naresj Patel,"₹20,910.80","₹1,208.89",0.05714285714285715
NP-18670,Nora Paige,"₹23,492.50",₹514.60,0.02
NP-18685,Nora Pelletier,"₹2,581.10",₹514.50,0.18571428571428572
NP-18700,Nora Preis,"₹65,829.83",₹631.23,0.19615384615384618
NR-18550,Nick Radford,"₹6,931.31",₹-25.15,0.22307692307692306
NS-18505,Neola Schneider,"₹7,493.77",₹-12.30,0.20666666666666667
NS-18640,Noel Staavos,"₹12,816.68",₹-234.77,0.21538461538461537
NW-18400,Natalie Webber,"₹38,006.54","₹1,023.12",0.21363636363636365
NZ-18565,Nick Zandusky,"₹7,892.36",₹402.42,0.175
ON-18715,Odella Nelson,"₹6,791.93",₹-5.89,0.16
OT-18730,Olvera Toch,"₹19,592.74",₹-925.12,0.15999999999999998
PA-19060,Pete Armstrong,"₹3,339.19",₹225.86,0.1857142857142857
PB-18805,Patrick Bzostek,"₹4,199.30",₹229.23,0.12000000000000002
PB-19105,Peter Bï¿½hler,"₹5,655.96",₹218.16,0.12000000000000002
PB-19150,Philip Brown,"₹9,778.53",₹280.66,0.1272727272727273
PB-19210,Phillip Breyer,₹677.93,₹21.90,0.1
PC-18745,Pamela Coakley,"₹12,412.24",₹272.69,0.22000000000000003
PC-19000,Pauline Chand,"₹6,455.07",₹-184.34,0.13333333333333333
PF-19120,Peter Fuller,"₹47,934.37",₹-614.29,0.12105263157894738
PF-19165,Philip Fox,"₹15,374.72",₹196.87,0.05
PF-19225,Phillip Flathmann,"₹7,320.41",₹591.31,0.06000000000000001
PG-18820,Patrick Gardner,"₹11,884.10",₹137.46,0.16923076923076924
PG-18895,Paul Gonzalez,"₹6,894.46",₹334.52,0.09411764705882353
PH-18790,Patricia Hirasaki,"₹2,188.94",₹47.89,0.2
PJ-18835,Patrick Jones,"₹3,931.26",₹442.14,0.07692307692307693
PJ-19015,Pauline Johnson,"₹10,634.01",₹683.00,0.08
PK-18910,Paul Knutson,"₹6,663.10",₹-798.71,0.3666666666666667
PK-19075,Pete Kriz,"₹50,903.85","₹2,038.27",0.07600000000000001
PL-18925,Paul Lucas,₹847.66,₹-0.75,0.25
PM-18940,Paul MacIntyre,"₹8,484.87",₹157.88,0.15
PM-19135,Peter McVee,"₹27,701.81",₹526.75,0.1285714285714286
PN-18775,Parhena Norris,"₹5,464.49",₹192.04,0.12307692307692308
PO-18850,Patrick O'Brill,"₹69,297.41",₹38.48,0.21
PO-18865,Patrick O'Donnell,"₹10,657.41",₹437.85,0.04615384615384616
PO-19180,Philisse Overcash,"₹16,115.23","₹1,155.43",0.10555555555555557
PO-19195,Phillina Ober,"₹4,105.50",₹-49.70,0.19
PP-18955,Paul Prost,"₹44,271.47","₹1,495.09",0.1088235294117647
PR-18880,Patrick Ryan,"₹6,791.00",₹247.62,0.11666666666666668
PS-18760,Pamela Stobb,"₹9,411.22",₹-134.44,0.22380952380952382
PS-18970,Paul Stevenson,"₹5,537.07",₹198.51,0.05384615384615384
PS-19045,Penelope Sewall,"₹40,473.49","₹1,742.73",0.0846153846153846
PT-19090,Pete Takahito,₹511.34,₹-20.05,0.37142857142857144
PV-18985,Paul Van Hugh,"₹18,139.42",₹434.53,0.08461538461538462
PW-19030,Pauline Webber,"₹18,199.40",₹803.82,0.038461538461538464
PW-19240,Pierre Wener,"₹8,644.19","₹1,290.35",0.1708333333333333
QJ-19255,Quincy Jones,"₹31,324.59","₹1,203.68",0.12307692307692308
RA-19285,Ralph Arnett,"₹11,321.05",₹546.09,0.1647058823529412
RA-19885,Ruben Ausman,"₹18,378.01","₹1,292.87",0.04000000000000001
RA-19915,Russell Applegate,"₹18,386.81",₹304.87,0.27954545454545454
RA-19945,Ryan Akin,"₹5,406.03",₹-445.69,0.31666666666666665
RB-19330,Randy Bradley,"₹4,449.30",₹-164.41,0.3166666666666667
RB-19360,Raymond Buch,"₹61,131.75","₹6,976.10",0.09444444444444444
RB-19435,Richard Bierner,"₹10,319.31",₹477.24,0.1625
RB-19465,Rick Bensley,"₹21,866.24",₹640.55,0.13478260869565217
RB-19570,Rob Beeghly,"₹2,041.65",₹76.89,0.16666666666666666
RB-19645,Robert Barroso,₹949.34,₹72.68,0.14285714285714285
RB-19705,Roger Barcio,"₹7,304.27",₹243.08,0.1571428571428571
RB-19795,Ross Baird,"₹44,480.92",₹-461.73,0.25
RC-19825,Roy Collins,"₹2,831.66",₹63.99,0.11000000000000001
RC-19960,Ryan Crowe,"₹2,809.69",₹10.56,0.17272727272727273
RD-19480,Rick Duston,"₹26,475.27",₹480.59,0.10666666666666667
RD-19585,Rob Dowd,"₹14,596.61",₹734.52,0.03157894736842106
RD-19660,Robert Dilbeck,"₹11,361.46",₹835.77,0.08
RD-19720,Roger Demir,"₹4,780.56",₹207.33,0.1575
RD-19810,Ross DeVincentis,"₹5,103.80",₹318.46,0.1875
RD-19900,Ruben Dartt,"₹19,615.77",₹455.53,0.05714285714285715
RD-19930,Russell D'Ascenzo,"₹4,199.89",₹35.06,0.31
RE-19405,Ricardo Emerson,₹241.80,₹6.04,0.2
RE-19450,Richard Eichhorn,"₹3,576.92",₹209.23,0.13333333333333333
RF-19345,Randy Ferguson,"₹14,491.94",₹633.71,0.1375
RF-19735,Roland Fjeld,"₹9,166.63",₹711.62,0.014285714285714287
RF-19840,Roy Franzï¿½sisch,"₹4,727.48",₹280.03,0.0818181818181818
RH-19495,Rick Hansen,"₹24,550.30",₹563.79,0.1
RH-19510,Rick Huthwaite,"₹32,330.02","₹1,289.45",0.03333333333333333
RH-19555,Ritsa Hightower,"₹3,630.67",₹0.31,0.5333333333333333
RH-19600,Rob Haberlin,"₹8,663.82",₹172.63,0.10909090909090909
RK-19300,Ralph Kennedy,"₹6,218.90",₹269.69,0.07500000000000001
RL-19615,Rob Lucas,"₹27,170.81",₹488.15,0.21875
RM-19375,Raymond Messe,"₹5,548.74",₹392.15,0.044444444444444446
RM-19675,Robert Marley,"₹30,285.70","₹1,902.54",0.045454545454545456
RM-19750,Roland Murray,₹242.29,₹28.69,0.0
RO-19780,Rose O'Brian,"₹20,279.65","₹-1,262.57",0.2916666666666667
RP-19270,Rachel Payne,"₹3,267.00",₹59.54,0.19333333333333336
RP-19390,Resi Pï¿½lking,"₹32,681.68",₹465.25,0.14800000000000002
RP-19855,Roy Phan,"₹7,201.80",₹594.59,0.13333333333333333
RR-19315,Ralph Ritter,"₹1,154.14",₹-73.83,0.27499999999999997
RR-19525,Rick Reed,"₹15,015.76",₹721.68,0.06000000000000001
RS-19420,Ricardo Sperren,"₹11,078.21",₹633.45,0.0
RS-19765,Roland Schwarz,"₹21,401.36","₹1,206.39",0.1142857142857143
RS-19870,Roy Skaria,₹81.37,₹9.58,0.06666666666666667
RW-19540,Rick Wilson,"₹43,053.68","₹1,586.63",0.13478260869565217
RW-19630,Rob Williams,"₹12,540.35",₹698.83,0.1375
RW-19690,Robert Waldorf,"₹25,453.33",₹707.55,0.07333333333333333
SA-20830,Sue Ann Reed,"₹24,294.63",₹610.15,0.19285714285714284
SB-20170,Sarah Bern,"₹5,617.16",₹157.67,0.18571428571428572
SB-20185,Sarah Brown,"₹35,409.87",₹885.46,0.1416666666666667
SB-20290,Sean Braxton,"₹41,458.72","₹-2,082.75",0.24117647058823527
SC-20020,Sam Craven,"₹13,607.51",₹-317.05,0.21882352941176472
SC-20050,Sample Company A,"₹23,283.66","₹1,011.74",0.18666666666666668
SC-20095,Sanjit Chand,"₹62,679.33","₹5,757.41",0.06363636363636364
SC-20230,Scot Coram,"₹36,104.87",₹440.14,0.10909090909090911
SC-20260,Scott Cohen,"₹18,467.62",₹671.00,0.19722222222222222
SC-20305,Sean Christensen,"₹18,611.36",₹229.16,0.21666666666666667
SC-20380,Shahid Collister,"₹36,919.44",₹236.66,0.19
SC-20440,Shaun Chance,"₹8,274.25",₹379.56,0.27999999999999997
SC-20575,Sonia Cooley,"₹6,317.28",₹100.23,0.34285714285714286
SC-20680,Steve Carroll,"₹5,933.04",₹370.16,0.0
SC-20695,Steve Chapman,"₹13,466.92",₹611.83,0.15714285714285717
SC-20725,Steven Cartwright,"₹32,070.66","₹1,276.65",0.15000000000000002
SC-20770,Stewart Carmichael,"₹17,442.37",₹-671.19,0.30476190476190473
SC-20800,Stuart Calhoun,₹666.90,₹51.83,0.12000000000000002
SC-20845,Sung Chung,₹870.89,₹31.18,0.2
SD-20485,Shirley Daniels,"₹23,814.41","₹1,985.17",0.10476190476190476
SE-20110,Sanjit Engle,"₹54,899.52","₹2,650.68",0.1105263157894737
SF-20065,Sandra Flanagan,"₹4,038.11",₹228.16,0.1
SF-20200,Sarah Foster,"₹29,460.13",₹286.90,0.12666666666666665
SF-20965,Sylvia Foulston,"₹15,185.53",₹539.94,0.2705882352941177
SG-20080,Sandra Glassco,"₹10,925.19",₹570.44,0.06818181818181818
SG-20470,Sheri Gordon,"₹9,974.65",₹-119.01,0.15
SG-20605,Speros Goranitis,"₹20,121.40",₹463.27,0.09230769230769233
SG-20890,Susan Gilcrest,₹159.77,₹-3.71,0.4
SH-19975,Sally Hughsby,"₹14,409.98",₹558.47,0.13620689655172413
SH-20395,Shahid Hopkins,"₹8,922.01",₹-144.52,0.23333333333333334
SH-20635,Stefanie Holloman,"₹14,636.79",₹260.63,0.2
SJ-20125,Sanjit Jacobs,"₹22,049.28",₹144.12,0.23333333333333336
SJ-20215,Sarah Jordon,"₹4,949.08",₹-23.51,0.37
SJ-20500,Shirley Jackson,"₹5,592.89",₹68.10,0.14285714285714285
SK-19990,Sally Knutson,"₹5,528.52",₹168.79,0.22000000000000003
SL-20155,Sara Luxemburg,"₹18,213.98",₹527.97,0.17777777777777778
SM-20005,Sally Matthias,"₹1,316.93",₹-26.59,0.26666666666666666
SM-20320,Sean Miller,"₹146,749.77","₹-1,980.74",0.24666666666666667
SM-20905,Susan MacKendrick,"₹3,727.47",₹-237.29,0.2833333333333333
SM-20950,Suzanne McNair,"₹30,267.98",₹581.57,0.1272727272727273
SN-20560,Skye Norling,"₹8,693.26",₹-716.86,0.1733333333333333
SN-20710,Steve Nguyen,"₹17,765.76",₹481.75,0.1168421052631579
SO-20335,Sean O'Donnell,"₹10,343.18",₹-81.09,0.1366666666666667
SP-20545,Sibella Parks,"₹6,228.58",₹-118.78,0.26
SP-20620,Stefania Perrino,"₹30,510.00",₹-270.43,0.25
SP-20650,Stephanie Phelps,"₹7,752.27",₹268.48,0.15333333333333332
SP-20860,Sung Pak,"₹20,829.89",₹566.72,0.20833333333333334
SP-20920,Susan Pistek,"₹26,775.02",₹14.69,0.2714285714285714
SR-20425,Sharelle Roach,"₹14,772.98","₹-3,333.91",0.36666666666666664
SR-20740,Steven Roelle,"₹22,986.09","₹1,990.42",0.03333333333333333
SS-20140,Saphhira Shifley,"₹5,144.50",₹332.35,0.11428571428571428
SS-20410,Shahid Shariari,"₹16,476.04","₹-1,010.97",0.25833333333333336
SS-20515,Shirley Schmidt,"₹5,920.42",₹199.93,0.0
SS-20590,Sonia Sunley,₹655.15,₹135.54,0.0
SS-20875,Sung Shariari,"₹2,311.76",₹-75.59,0.24000000000000002
ST-20530,Shui Tom,"₹1,270.02",₹84.44,0.20000000000000004
SU-20665,Stephanie Ulpright,"₹7,342.86",₹763.47,0.13333333333333333
SV-20365,Seth Vernon,"₹62,921.52","₹1,199.42",0.15625
SV-20785,Stewart Visinsky,"₹16,629.00",₹485.03,0.184
SV-20815,Stuart Van,"₹8,033.60",₹199.65,0.19999999999999998
SV-20935,Susan Vittorini,"₹12,683.34",₹106.89,0.23076923076923078
SW-20245,Scot Wooten,"₹4,010.31",₹-19.61,0.25999999999999995
SW-20275,Scott Williamson,"₹13,793.37",₹332.87,0.028571428571428574
SW-20350,Sean Wendt,"₹4,113.02",₹95.84,0.21666666666666667
SW-20455,Shaun Weien,"₹5,807.46",₹793.65,0.1111111111111111
SW-20755,Steven Ward,"₹2,900.46",₹68.24,0.1
SZ-20035,Sam Zeldin,"₹14,240.97",₹366.43,0.22000000000000003
TA-21385,Tom Ashbrook,"₹66,671.70","₹4,703.79",0.07999999999999999
TB-21055,Ted Butterfield,"₹5,894.35",₹390.21,0.05555555555555555
TB-21175,Thomas Boland,"₹25,112.78",₹829.16,0.09090909090909091
TB-21190,Thomas Brumley,"₹10,916.56",₹179.00,0.025
TB-21250,Tim Brockman,"₹6,936.62",₹260.62,0.2473684210526316
TB-21280,Toby Braunhardt,"₹9,270.21",₹490.96,0.1
TB-21355,Todd Boyes,"₹2,980.92",₹268.97,0.06153846153846154
TB-21400,Tom Boeckenhauer,"₹37,283.07","₹2,798.37",0.07058823529411766
TB-21520,Tracy Blumstein,"₹28,708.00","₹-1,603.05",0.265
TB-21595,Troy Blackwell,"₹6,647.01",₹-136.41,0.2714285714285714
TB-21625,Trudy Brown,"₹14,088.93",₹379.88,0.14
TC-20980,Tamara Chand,"₹92,602.57","₹8,981.32",0.11666666666666665
TC-21145,Theresa Coyne,"₹4,828.40",₹265.53,0.0
TC-21295,Toby Carlisle,"₹24,158.72",₹606.37,0.13125
TC-21475,Tony Chapman,"₹4,062.27",₹119.10,0.2636363636363636
TC-21535,Tracy Collins,"₹2,055.81",₹217.93,0.11000000000000001
TD-20995,Tamara Dahlen,"₹8,641.96",₹88.19,0.24375000000000002
TG-21310,Toby Gnade,"₹6,249.36",₹682.17,0.2111111111111111
TG-21640,Trudy Glocke,"₹13,267.21",₹365.72,0.13
TH-21100,Thea Hendricks,"₹10,127.33",₹-135.21,0.17142857142857146
TH-21115,Thea Hudgings,"₹10,279.18",₹-252.55,0.23333333333333334
TH-21235,Tiffany House,"₹3,830.78",₹92.73,0.2076923076923077
TH-21550,Tracy Hopkins,"₹17,238.58",₹-571.97,0.06923076923076922
TM-21010,Tamara Manning,"₹17,652.70",₹573.30,0.05263157894736842
TM-21490,Tony Molinari,"₹5,227.98",₹292.52,0.05
TN-21040,Tanja Norvell,"₹14,994.98",₹-692.05,0.19999999999999998
TP-21130,Theone Pippenger,"₹23,256.73","₹1,129.13",0.08750000000000001
TP-21415,Tom Prescott,"₹42,511.41","₹-1,087.39",0.462
TP-21565,Tracy Poddar,"₹10,646.26",₹139.23,0.24
TR-21325,Toby Ritter,"₹2,055.23",₹220.36,0.028571428571428574
TS-21085,Thais Sissman,₹10.45,₹-3.32,0.7
TS-21160,Theresa Swint,"₹8,972.94",₹260.87,0.22352941176470587
TS-21205,Thomas Seio,"₹29,226.96",₹862.89,0.15789473684210525
TS-21340,Toby Swindell,"₹6,030.03",₹-184.98,0.2833333333333333
TS-21370,Todd Sumrall,"₹52,109.25","₹2,371.71",0.11666666666666667
TS-21430,Tom Stivers,"₹13,797.17",₹48.70,0.15714285714285717
TS-21505,Tony Sayre,"₹7,012.82",₹11.38,0.19285714285714287
TS-21610,Troy Staebel,"₹17,500.39",₹-294.70,0.3727272727272727
TS-21655,Trudy Schmidt,"₹12,942.80",₹220.92,0.19285714285714287
TT-21070,Ted Trevino,"₹25,530.03",₹751.96,0.1142857142857143
TT-21220,Thomas Thornton,"₹6,978.33",₹278.74,0.21333333333333335
TT-21265,Tim Taslimi,₹995.40,₹93.92,0.0
TT-21460,Tonja Turnell,"₹26,023.64","₹1,124.50",0.1285714285714286
TW-21025,Tamara Willingham,"₹34,954.26",₹737.39,0.10000000000000002
TZ-21580,Tracy Zic,"₹6,686.25",₹224.89,0.08888888888888889
VB-21745,Victoria Brennan,"₹11,538.19",₹371.24,0.16999999999999998
VD-21670,Valerie Dominguez,"₹31,972.50","₹1,617.79",0.07500000000000001
VF-21715,Vicky Freymann,"₹4,484.46",₹-96.28,0.06363636363636363
VG-21790,Vivek Gonzalez,"₹3,746.89",₹143.63,0.07500000000000001
VG-21805,Vivek Grady,"₹1,200.13",₹-52.33,0.10000000000000002
VM-21685,Valerie Mitchum,"₹10,190.71",₹513.53,0.10000000000000002
VM-21835,Vivian Mathis,"₹1,371.86",₹116.64,0.11249999999999999
VP-21730,Victor Preis,"₹3,103.27",₹205.39,0.04
VP-21760,Victoria Pisteka,"₹19,451.90","₹-1,018.78",0.17142857142857143
VS-21820,Vivek Sundaresam,"₹5,657.76",₹-262.81,0.475
VT-21700,Valerie Takahito,"₹8,102.73",₹-224.09,0.3333333333333333
VW-21775,Victoria Wilson,"₹34,896.78",₹-874.66,0.1611111111111111
WB-21850,William Brown,"₹31,228.40",₹714.33,0.2054054054054054
XP-21865,Xylona Preis,"₹8,676.21",₹621.23,0.04642857142857143
YC-21895,Yoseph Carroll,"₹27,208.93","₹1,305.63",0.07500000000000001
YS-21880,Yana Sorensen,"₹46,478.99","₹1,778.29",0.05000000000000001
ZC-21910,Zuschuss Carroll,"₹40,212.89","₹-1,032.15",0.25483870967741934
ZD-21925,Zuschuss Donatelli,"₹6,492.45",₹249.13,0.1111111111111111
